method,k,seed,loss,seconds,n_iter,min_share,max_topic_cosine,diversity,cv,cv_min,warning_count,undefined_topic_coherences,missing_validation_topwords
lda,10,17,1049.8008586451122,36.15133479999986,40,0.004,0.48807012792603,0.71,0.4824823465315429,0.30628853164602754,0,0,
lda,10,42,1064.739300249787,38.53162989999964,40,0.049,0.6947277704145959,0.69,0.49465946723872334,0.38108031532270625,0,0,
lda,10,73,1047.5088866590024,35.394852499999615,40,0.02,0.45844023927326744,0.76,0.5044421348981422,0.43153578994800795,0,0,
lda,12,17,1087.8403653636685,40.68940769999972,40,0.003,0.6840301587594187,0.7,0.4933074479127131,0.36981734826971796,0,0,
lda,12,42,1084.2248329599247,40.45798079999986,40,0.008,0.7486674666545771,0.6916666666666667,0.4708398142826937,0.3038734106346368,0,0,
lda,12,73,1080.1016607417791,38.6564857000003,40,0.003,0.7523463862145073,0.6666666666666666,0.4822947184172828,0.279234650877967,0,0,
lda,15,17,1123.0027918430446,39.135959000000184,40,0.0,0.7572990679251478,0.66,0.4864824592499615,0.3682088382591781,0,0,
lda,15,42,1133.9720705134216,39.96293549999973,40,0.012,0.7510357059217712,0.6533333333333333,0.47903156366137684,0.3034589274073794,0,0,
lda,15,73,1135.8893724207883,38.98939710000013,40,0.003,0.7125072142101486,0.62,0.4717896105158486,0.2781225126291654,0,0,
lda,20,17,1186.8624707018662,44.70765250000022,40,0.003,0.7839638832522666,0.645,0.4734889088831598,0.24580861189953698,0,0,
lda,20,42,1162.1894669155047,43.35150340000018,40,0.0,0.8129377623754315,0.66,,,0,1,nsf
lda,20,73,1188.0439636947192,43.04484979999961,40,0.004,0.6903138213672048,0.68,0.47488442573166145,0.29048265418481845,0,0,
lda,4,17,965.6876531198476,37.99112289999994,40,0.174,0.4965486149681712,0.8,0.4992103222279032,0.47271402031725024,0,0,
lda,4,42,956.1422334640488,35.828102899999976,40,0.143,0.42161658453164574,0.8,0.49554802048570074,0.47271402031725024,0,0,
lda,4,73,983.7496919815682,39.04551059999994,40,0.167,0.5396403950043447,0.75,0.4375768258062306,0.3865977830899898,0,0,
lda,5,17,974.6319815202645,35.841217600000164,40,0.143,0.41192420740841756,0.76,0.5060464598325054,0.4233876868340932,0,0,
lda,5,42,971.36811491956,35.45855649999976,40,0.113,0.3867808533778086,0.82,0.5038634504777113,0.45901582784170236,0,0,
lda,5,73,991.8543992423575,35.323979800000416,40,0.108,0.5044517988246879,0.78,0.5094877608860591,0.45576208632511,0,0,
lda,6,17,1012.8083316000509,38.51348440000038,40,0.049,0.5357646813779228,0.7166666666666667,0.500294421475045,0.47403378269968216,0,0,
lda,6,42,977.5818302299117,37.21913339999992,40,0.097,0.42431479336560524,0.7666666666666667,0.4904746110494203,0.4426955733458577,0,0,
lda,6,73,1011.1056483019687,36.54517279999982,40,0.054,0.4829246314280997,0.75,0.505785385463006,0.46604904341282943,0,0,
lda,8,17,1026.583180843921,37.74956799999927,40,0.063,0.5335150818308815,0.7,0.5073030984591622,0.4046817992919574,0,0,
lda,8,42,1028.0266916475318,37.36145889999989,40,0.047,0.4947749233815171,0.7125,0.5030115723343864,0.41120662409048003,0,0,
lda,8,73,1013.8318592516346,37.24590100000023,40,0.029,0.4568473021184317,0.75,0.4721386267068006,0.2820988088400427,0,0,
nmf,10,17,0.9254873718355151,0.4434788999997181,163,0.019,0.22320625671958014,0.83,0.5245366965274216,0.4213740606960606,0,0,
nmf,10,42,0.9255290321824451,0.23971590000019205,91,0.022,0.26386479758402076,0.85,0.5297111377071834,0.409091311040709,0,0,
nmf,10,73,0.9249881597628969,0.4601233000003049,186,0.019,0.2133272952026616,0.83,0.5324440819593999,0.37408786102274055,0,0,
nmf,11,17,0.9222944101440333,0.31299250000029133,118,0.019,0.2139893681709341,0.8363636363636363,0.4957435407464286,0.37527557540484907,0,0,
nmf,11,42,0.9224019065965547,0.36806479999995645,133,0.019,0.21111897901888516,0.8454545454545455,0.5409621574185128,0.37424721504053704,0,0,
nmf,11,73,0.9222943765600926,0.2739427999995314,110,0.019,0.2139907956431195,0.8363636363636363,0.4957435407464287,0.37527557540484907,0,0,
nmf,12,17,0.9202590593101734,0.4918286000001899,171,0.02,0.2057316501348112,0.8166666666666667,0.4841936067698973,0.3946185185673283,0,0,
nmf,12,42,0.9194505234008311,0.45361700000012206,172,0.019,0.2078994158022101,0.8416666666666667,0.5221649336092843,0.37424721504053704,0,0,
nmf,12,73,0.9201092423673035,0.2023509999999078,77,0.016,0.21534469268765472,0.8166666666666667,0.49672661096448856,0.3533133913087062,0,0,
nmf,15,17,0.9131407361347833,0.3443942000003517,98,0.012,0.20473720660257863,0.8,0.4906854238174103,0.16191301449946865,0,0,
nmf,15,42,0.9138773716454607,1.302067999999963,387,0.015,0.2965132749803445,0.7466666666666667,0.506448714559487,0.34632764989025866,0,0,
nmf,15,73,0.9131406947377687,0.6209151000002748,170,0.012,0.20473591137784056,0.8,0.4906854238174103,0.16191301449946865,0,0,
nmf,20,17,0.902912246330312,1.1215696999997817,238,0.012,0.2713464917147978,0.74,0.49151805617670163,0.27952371437718526,0,0,
nmf,20,42,0.9032405314483292,1.30449950000002,271,0.013,0.25711493546834285,0.725,0.49048751242154986,0.28444061771586737,0,0,
nmf,20,73,0.9027037956238454,0.9462585999999646,203,0.01,0.1976048393399253,0.77,0.47956884299996594,0.16191301449946865,0,0,
nmf,4,17,0.9455979076255295,0.11669530000017403,61,0.161,0.3616737372714284,0.95,0.5095715597879171,0.48086756586388824,0,0,
nmf,4,42,0.9455981031434142,0.0778639000000112,57,0.161,0.36165593130545354,0.95,0.5095715597879171,0.48086756586388824,0,0,
nmf,4,73,0.9455979117723968,0.12505659999987984,85,0.161,0.36165850538119776,0.95,0.5095715597879171,0.48086756586388824,0,0,
nmf,5,17,0.9419124969932122,0.11016569999992498,61,0.055,0.3196894027649789,0.88,0.5035288578164774,0.441726581532593,0,0,
nmf,5,42,0.9419127231178679,0.10392739999952028,59,0.055,0.31966026327403785,0.88,0.5035288578164774,0.441726581532593,0,0,
nmf,5,73,0.9417943540300854,0.18657689999963623,142,0.094,0.25769741794865014,0.96,0.557576907230047,0.4637431417959069,0,0,
nmf,6,17,0.9378988921120015,0.22470240000075137,134,0.081,0.2446955013866664,0.9166666666666666,0.5277886372203348,0.4017056473787871,0,0,
nmf,6,42,0.9381793872139176,0.10225859999991371,69,0.057,0.2540009243079432,0.9166666666666666,0.5381883663964849,0.4631243646213039,0,0,
nmf,6,73,0.937900023208354,0.2495214999999007,176,0.081,0.244697613509116,0.9166666666666666,0.5277886372203348,0.4017056473787871,0,0,
nmf,7,17,0.9342290788908912,0.33154319999994186,152,0.055,0.22978730681089718,0.8857142857142857,0.5095509621531363,0.3946253658987266,0,0,
nmf,7,42,0.9342290596482467,0.2985560999995869,147,0.055,0.22979100966833188,0.8857142857142857,0.5095509621531363,0.3946253658987266,0,0,
nmf,7,73,0.9345679066568289,0.830888400000731,465,0.058,0.273253895777143,0.8714285714285714,0.5331290132149752,0.4631243646213039,0,0,
nmf,8,17,0.9309110423170204,0.3272698999999193,132,0.063,0.2279030453878654,0.8625,0.5082520595851929,0.36532941330892177,0,0,
nmf,8,42,0.9312625536131085,0.2467727000002924,106,0.022,0.2761120485607836,0.8375,0.5177988675162246,0.37843518729867864,0,0,
nmf,8,73,0.9309076909355887,0.43091779999940627,182,0.063,0.22796576289274076,0.8625,0.5082520595851929,0.36532941330892177,0,0,
nmf,9,17,0.928307061671453,0.288309699999445,143,0.035,0.22652017340149433,0.8666666666666667,0.5160916324830448,0.36532941330892177,0,0,
nmf,9,42,0.9287253208862265,0.3000803000004453,136,0.022,0.2696887767632282,0.8777777777777778,0.5190992348863669,0.3904038795650022,0,0,
nmf,9,73,0.92768409175376,0.18070110000007844,92,0.031,0.2158275739408197,0.8333333333333334,0.5137073301365558,0.4118421005962684,0,0,
