method,k,cv_mean,cv_std,stability,stability_min,ari,loss_mean,loss_std,diversity,min_share,max_topic_cosine,medoid_seed,warnings,undefined_topic_coherences
lda,4,0.4774450561732782,0.03457542419064032,0.884502346382816,0.8383383152289409,0.4986334828103462,968.5265261884882,14.02096079710759,0.7833333333333333,0.143,0.5396403950043447,17,0,0
lda,5,0.5064658903987586,0.002835517305941344,0.8594658872840455,0.8168565588881679,0.5500448509334702,979.2848318940606,11.007212353240346,0.7866666666666667,0.108,0.5044517988246879,42,0,0
lda,6,0.49885147266249047,0.00775670866042209,0.7527097091457208,0.7003961686988597,0.44295668962154444,1000.4986033773104,19.864759027493733,0.7444444444444445,0.049,0.5357646813779228,73,0,0
lda,8,0.49415109916678307,0.01918374329923707,0.7781973239151506,0.7570760743616799,0.42118670805419894,1022.8139105810291,7.812097376693657,0.7208333333333333,0.029,0.5335150818308815,42,0,0
lda,10,0.49386131622280277,0.011001629881959216,0.7233786416557259,0.6855041520892027,0.4469308312431645,1054.0163485179671,9.356791879617761,0.7200000000000001,0.004,0.6947277704145959,73,0,0
lda,12,0.4821473268708965,0.01123454197705246,0.7235971407105423,0.6997070330233038,0.40946031614393547,1084.0556196884575,3.872126309231597,0.686111111111111,0.003,0.7523463862145073,17,0,0
lda,15,0.4791012111423956,0.007346671971688247,0.6985223666896747,0.6786971248946551,0.41866481769591185,1130.9547449257516,6.952997916235592,0.6444444444444445,0.0,0.7572990679251478,73,0,0
lda,20,,,0.6900369212235985,0.6866550715093421,0.3109261294297104,1179.03196710403,14.597990987577615,0.6616666666666667,0.0,0.8129377623754315,42,0,1
nmf,4,0.5095715597879171,0.0,0.9999999750025461,0.9999999609382404,1.0,0.9455979741804469,1.1170445083503344e-07,0.9499999999999998,0.161,0.3616737372714284,73,0,0
nmf,5,0.5215448742876673,0.03120465587809864,0.875092408441002,0.8126056889552931,0.662245234126134,0.9418731913803885,6.827524174400552e-05,0.9066666666666666,0.055,0.3196894027649789,17,0,0
nmf,6,0.5312552136123848,0.006004286439349508,0.8791093125644602,0.818537073160151,0.7920845121803591,0.9379927675114242,0.000161618392714863,0.9166666666666666,0.057,0.2540009243079432,73,0,0
nmf,7,0.5174103125070827,0.013612794127519404,0.9171371944396327,0.8757040618127839,0.7686203230177204,0.9343420150653223,0.00019562785698262514,0.8809523809523809,0.055,0.273253895777143,42,0,0
nmf,8,0.5114343288955369,0.005511852128882799,0.9174366086855631,0.8760940375755172,0.7283502147162039,0.9310270956219059,0.00020391948694341625,0.8541666666666666,0.022,0.2761120485607836,17,0,0
nmf,9,0.5162993991686559,0.0027019501206529024,0.8440171184489528,0.7621243143817217,0.6010367423939214,0.9282388247704798,0.0005239577583785383,0.8592592592592593,0.022,0.2696887767632282,17,0,0
nmf,10,0.5288973053980016,0.004016021459487787,0.8948009062253148,0.8853306333883042,0.5932376379586036,0.925334854593619,0.0003009682298244311,0.8366666666666666,0.019,0.26386479758402076,17,0,0
nmf,11,0.5108164129704567,0.026106980508010302,0.9502503048023184,0.9253726192268966,0.76975558559355,0.9223302311002269,6.20728029200566e-05,0.8393939393939394,0.019,0.2139907956431195,73,0,0
nmf,12,0.5010283837812234,0.019347722153033584,0.9095865234639952,0.907529875876487,0.7236907451497036,0.919939608359436,0.0004301329464745506,0.8249999999999998,0.016,0.21534469268765472,17,0,0
nmf,15,0.4959398540647692,0.00910094015325233,0.8598347791299904,0.789745412371199,0.7124321255542062,0.9133862675060044,0.0004253086611766469,0.7822222222222223,0.012,0.2965132749803445,17,0,0
nmf,20,0.48719147053273915,0.006621468340584639,0.8809677177313366,0.8693749349653999,0.6939025870590146,0.9029521911341621,0.00027058829767201946,0.745,0.01,0.2713464917147978,73,0,0
