method,k,seed,topic,label,top_words,documents,share,share_min_across_seeds,share_max_across_seeds,train_documents,validation_documents,interpretation
lda,5,42,1,Auskunfteien und bestrittene Forderungen,"credit, report, account, debt, information, dispute, request, collection, remove, letter",1731,0.3462,0.3244,0.3462,1365,366,"Die Beispiele betreffen bestrittene Schulden, fehlerhafte Auskunfteieinträge und Nachweise. Der Bereich verbindet Auskunft und Inkasso; er trennt diese Anliegen nicht zuverlässig."
lda,5,42,2,"Konten, Karten und Gebühren","account, card, bank, charge, credit, fee, check, balance, customer, pay",670,0.134,0.134,0.2112,542,128,Starke Beispiele betreffen Überziehungsgebühren; zufällige Beispiele verlorene Karten und strittige Kontobelastungen. Das Thema bleibt ein breiter Bereich des Zahlungsverkehrs.
lda,5,42,3,Kontaktprobleme und Inkassoanrufe,"call, tell, say, receive, phone, send, time, number, ask, no",1224,0.2448,0.1376,0.2448,995,229,"Die Ausschnitte zeigen wiederholte Inkassoanrufe, ausbleibende Rückrufe und erfolglose Kontaktversuche. Das Thema beschreibt häufig einen Beschwerdeprozess statt eines bestimmten Finanzprodukts."
lda,5,42,4,Hypotheken und Darlehensunterlagen,"mortgage, loan, home, request, modification, document, state, property, insurance, letter",544,0.1088,0.1078,0.2034,431,113,Hypothekenänderungen und fehlende Darlehensunterlagen prägen die Beispiele. Ein zufälliger Text betrifft ein anderes Darlehen; daher ist eine ausschließlich auf Hypotheken begrenzte Bezeichnung zu eng.
lda,5,42,5,Kreditraten und Rückzahlung,"payment, loan, pay, month, time, year, late, interest, tell, credit",831,0.1662,0.15,0.21,667,164,"Die Beispiele behandeln Rückzahlungspläne, Zinsen, Zahlungsbuchungen und Studienkredite. Die dominante Zuordnung vereinfacht Beschwerden, die zugleich Serviceprobleme enthalten."
nmf,6,73,1,Telefonkontakte und Kundenservice,"call, tell, phone, number, say, ask, receive, time, send, contact",1486,0.2972,0.2642,0.2972,1201,285,Starke Beispiele schildern unerwünschte Anrufe; ein zufälliger Ausschnitt betrifft widersprüchliche Auskünfte zur Kreditablösung. Deshalb umfasst das Label auch Kundenservice und nicht nur Telefonbelästigung.
nmf,6,73,2,Inkasso und Forderungsnachweise,"debt, collection, owe, letter, validation, collect, company, agency, original, collector",457,0.0914,0.0914,0.0914,360,97,Bestrittene oder nicht belegte Forderungen stehen im Vordergrund. Die Texte sind Behauptungen der Beschwerdeführenden; ein Rechtsverstoß wird daraus nicht abgeleitet.
nmf,6,73,3,"Kredite, Hypotheken und Rückzahlung","payment, loan, pay, mortgage, month, interest, late, year, modification, rate",1136,0.2272,0.1708,0.2272,912,224,"Studienkredite, Hypotheken und Probleme bei Rückzahlungsplänen oder Zahlungsbuchungen werden zusammengefasst. Diese verbleibende Breite ist der Preis der übersichtlichen Auflösung mit sechs Themen."
nmf,6,73,4,Kontoführung und Kontostreitigkeiten,"account, bank, check, open, close, deposit, fee, money, fund, america",391,0.0782,0.0782,0.1704,310,81,"Starke Beispiele betreffen Kontoeröffnung, Kontoschließung und Gebühren. Die zwei zufälligen Beispiele handeln dagegen vor allem von Auskunfteien beziehungsweise Inkasso. Häufige Wörter wie account können Fehlzuordnungen verursachen; das Label ist deshalb keine zuverlässige Einzelfallklassifikation."
nmf,6,73,5,Kreditkarten und strittige Belastungen,"card, credit, charge, chase, fee, balance, pay, purchase, late, statement",416,0.0832,0.0666,0.0832,332,84,"Kreditkartenlimits, bestrittene Belastungen und Zinsabrechnungen bilden einen vom Bankkonto besser unterscheidbaren Bereich. Einzelne Beispiele verbinden diesen mit Identitätsmissbrauch oder Servicethemen."
nmf,6,73,6,Kreditauskünfte und Datenkorrekturen,"report, credit, information, dispute, remove, account, inquiry, equifax, file, experian",1114,0.2228,0.2228,0.2366,885,229,"Beanstandete Kreditanfragen, fehlerhafte Einträge und erfolglose Korrekturanträge stehen im Vordergrund. Dieses Thema überschneidet sich sachlich mit bestrittenen Forderungen."
